Student_ID,Attendance_Percentage,Study_Hours_Per_Day,Previous_Marks,Assignment_Completion_Percentage,Sleep_Hours,Participation_Level,Performance
STU001,77.9,3.0,74.4,69.9,7.4,High,High
STU002,61.1,1.7,52.8,57.0,7.1,Medium,Low
STU003,78.3,5.7,68.2,82.3,7.9,High,High
STU004,89.2,4.6,66.2,82.0,7.3,Medium,High
STU005,60.4,1.4,25.0,42.3,8.1,Low,Low
STU006,68.6,2.8,40.5,72.8,7.8,Low,Low
STU007,83.1,1.0,78.3,72.1,8.5,Low,Average
STU008,70.1,3.1,60.2,58.4,7.2,Medium,Average
STU009,82.7,5.8,58.4,83.8,7.8,Medium,High
STU010,72.6,2.8,52.8,71.4,6.5,Medium,Average
STU011,71.9,4.3,64.9,66.4,6.1,High,Average
STU012,95.2,4.8,71.1,96.0,8.7,Medium,High
STU013,72.0,4.5,63.5,79.1,7.0,Medium,Average
STU014,70.1,2.0,77.3,80.9,7.7,High,High
STU015,70.3,1.8,73.3,91.6,6.9,High,High
STU016,59.9,2.9,52.0,66.7,6.2,Low,Low
STU017,79.4,2.9,71.2,74.7,6.8,Medium,Average
STU018,65.9,4.1,44.4,57.7,8.4,Medium,Low
STU019,80.0,3.8,79.7,84.8,7.4,High,High
STU020,81.2,1.0,71.1,76.4,4.9,Low,Average
STU021,77.6,1.7,53.6,70.7,6.6,Low,Low
STU022,73.4,0.3,47.1,58.7,8.8,Medium,Low
STU023,89.5,4.2,87.1,83.1,6.6,High,High
STU024,80.3,3.0,58.7,70.1,4.8,Low,Low
STU025,53.6,2.5,64.4,55.2,8.9,Low,Low
STU026,69.9,4.4,54.4,54.5,7.6,Medium,Average
STU027,60.6,5.3,78.2,81.9,6.7,High,High
STU028,79.2,3.5,67.9,48.9,6.4,Low,Average
STU029,79.3,1.2,69.3,77.4,8.0,Medium,Average
STU030,88.9,4.5,77.4,70.7,6.2,High,High
STU031,100.0,6.0,89.8,100.0,8.1,High,High
STU032,74.6,3.4,50.7,63.8,7.4,Medium,Average
STU033,67.4,4.1,52.1,74.5,7.1,Low,Average
STU034,73.9,1.3,53.3,61.5,7.0,Low,Low
STU035,76.2,6.4,61.2,78.1,6.6,High,High
STU036,85.0,3.3,81.6,88.4,8.0,High,High
STU037,84.0,4.2,57.2,66.5,5.8,Medium,Average
STU038,64.3,0.6,57.1,75.2,5.0,Low,Low
STU039,76.7,1.5,36.1,55.5,7.5,Low,Low
STU040,87.3,5.8,66.4,80.2,7.5,Medium,High
STU041,73.4,3.8,62.3,87.2,7.3,High,High
STU042,89.1,4.9,64.6,82.9,7.2,Medium,High
STU043,77.0,3.1,54.2,85.8,6.4,Low,Average
STU044,78.8,3.5,64.2,66.2,7.7,Medium,Average
STU045,70.1,5.1,62.1,59.1,6.7,Medium,Average
STU046,70.0,3.3,64.1,63.8,6.3,Medium,Average
STU047,78.1,2.0,75.4,85.6,6.5,High,High
STU048,82.7,2.6,59.1,78.8,9.0,High,Average
STU049,72.8,4.7,75.7,78.5,4.9,High,High
STU050,80.5,3.9,66.9,61.3,7.3,High,High
STU051,67.1,1.8,68.4,82.0,5.0,High,Average
STU052,79.2,3.1,74.2,64.8,6.7,Medium,Average
STU053,65.3,1.4,43.4,71.9,6.3,Low,Low
STU054,95.4,2.7,69.7,98.0,4.5,Medium,Average
STU055,59.8,1.3,54.9,71.9,7.2,Low,Low
STU056,84.1,2.1,51.2,72.7,6.4,Low,Low
STU057,75.1,2.3,53.6,64.9,4.5,Low,Low
STU058,91.7,5.7,76.7,65.9,7.7,High,High
STU059,70.1,3.6,42.4,59.0,8.4,Low,Low
STU060,87.7,4.1,70.2,68.8,8.4,High,High
STU061,61.2,1.4,38.0,44.1,7.2,Low,Low
STU062,86.4,3.3,59.3,86.5,6.9,Medium,Average
STU063,73.2,2.6,64.6,76.0,8.3,High,Average
STU064,90.9,2.6,65.6,80.5,8.7,High,High
STU065,75.9,2.9,77.4,74.6,8.0,Medium,High
STU066,81.8,3.4,77.5,76.6,5.8,High,High
STU067,63.6,1.7,56.2,78.9,7.0,Medium,Average
STU068,76.4,3.2,51.6,68.0,7.3,Medium,Average
STU069,95.9,5.0,77.3,84.2,4.8,High,High
STU070,73.8,1.3,60.4,68.5,7.3,Low,Average
STU071,64.0,2.3,35.5,58.4,9.3,Low,Low
STU072,56.9,2.1,45.7,48.9,7.5,Low,Low
STU073,66.6,3.0,50.7,44.9,8.4,Low,Low
STU074,65.6,3.8,63.6,73.4,7.0,High,Average
STU075,68.9,1.8,65.1,73.7,6.7,High,Average
STU076,83.6,2.5,62.9,64.7,7.2,Medium,Average
STU077,84.5,3.1,64.0,68.2,5.9,Medium,Average
STU078,100.0,4.8,71.7,73.8,5.7,Low,High
STU079,75.7,1.3,69.2,55.4,8.2,Medium,Average
STU080,86.4,3.5,59.8,60.4,8.3,Medium,Average
STU081,81.8,5.2,53.9,79.7,5.7,Medium,Average
STU082,69.3,2.6,45.8,70.6,7.9,Low,Average
STU083,77.0,3.7,55.2,57.6,6.7,Medium,Average
STU084,73.5,2.2,50.2,70.5,7.2,Low,Low
STU085,67.4,2.2,49.5,72.7,7.3,Low,Low
STU086,76.2,1.9,80.8,83.7,7.9,High,High
STU087,59.7,0.3,48.4,67.3,6.9,Low,Low
STU088,62.2,4.5,57.2,67.4,8.4,Low,Average
STU089,85.7,2.7,70.1,69.6,7.1,High,Average
STU090,77.1,3.3,77.9,80.3,7.5,High,High
STU091,76.0,2.3,64.0,79.3,5.9,High,Average
STU092,75.3,1.6,62.1,77.5,9.2,Low,Average
STU093,79.8,2.8,67.0,69.9,7.3,Medium,Average
STU094,77.0,2.5,51.0,79.5,7.6,Low,Average
STU095,56.6,2.3,30.7,59.4,5.0,Medium,Low
STU096,75.5,2.6,39.2,68.3,5.9,Low,Low
STU097,79.6,2.6,40.4,70.1,8.2,Medium,Low
STU098,72.5,2.8,52.9,56.0,7.1,Low,Low
STU099,88.0,5.7,69.0,57.1,4.7,High,Average
STU100,79.9,1.3,38.7,80.2,7.9,Medium,Average
STU101,83.1,3.0,59.8,71.5,6.2,Low,Average
STU102,91.9,5.9,76.7,65.2,8.4,High,High
STU103,78.5,4.6,64.7,62.0,6.7,Medium,Average
STU104,86.6,2.4,68.6,85.6,7.0,High,High
STU105,58.7,2.2,45.1,61.7,8.1,Low,Low
STU106,80.7,4.8,62.4,65.2,5.8,Medium,Average
STU107,56.2,3.2,53.3,78.4,5.7,Medium,Low
STU108,66.1,3.3,59.9,58.8,6.6,Medium,Average
STU109,94.5,3.9,63.7,70.7,7.7,Medium,High
STU110,69.7,1.4,41.0,60.3,5.3,Low,Low
STU111,92.9,4.1,61.9,79.4,5.0,High,High
STU112,75.5,3.3,66.7,78.9,7.7,High,Average
STU113,60.9,2.8,45.1,76.4,6.1,High,Average
STU114,62.3,2.2,44.4,62.4,6.4,Low,Low
STU115,77.5,2.7,58.2,77.5,4.8,Medium,Average
STU116,72.5,3.6,46.9,65.2,6.1,Medium,Average
STU117,88.1,7.1,69.5,74.5,6.8,Medium,High
STU118,72.9,1.3,63.8,73.3,7.8,Medium,Average
STU119,92.0,5.2,80.7,87.0,6.0,High,High
STU120,65.2,2.3,67.4,77.8,8.6,Low,Average
STU121,71.9,3.2,45.0,69.4,6.0,Low,Low
STU122,77.5,3.6,64.7,73.9,6.0,Medium,Average
STU123,71.0,4.5,66.7,65.7,8.5,High,Average
STU124,84.8,6.0,77.3,83.6,7.0,High,High
STU125,81.0,4.4,76.5,78.4,6.2,High,High
STU126,76.4,5.1,63.8,76.8,6.6,High,High
STU127,100.0,1.9,80.0,100.0,8.3,High,High
STU128,65.6,4.2,53.5,57.3,8.4,Low,Low
STU129,68.7,3.3,46.8,71.1,5.9,Low,Low
STU130,49.7,3.9,34.6,75.3,6.8,Low,Low
STU131,64.8,1.6,66.2,69.9,6.9,Medium,Average
STU132,62.6,1.2,58.0,84.4,5.7,Low,Low
STU133,74.9,4.1,68.5,73.3,6.7,High,High
STU134,86.7,3.2,47.3,73.5,6.8,Low,Average
STU135,62.7,2.4,39.5,52.2,8.1,Low,Low
STU136,79.5,3.8,46.1,60.4,8.1,Low,Low
STU137,79.1,1.6,65.2,77.0,6.4,High,Average
STU138,83.0,5.3,67.1,87.2,6.6,High,High
STU139,91.2,5.2,93.4,91.2,7.5,High,High
STU140,99.3,5.8,100.0,100.0,6.2,High,High
STU141,94.8,2.0,58.8,74.4,7.4,Medium,Average
STU142,47.2,3.1,52.3,60.8,6.7,High,Average
STU143,40.9,0.3,44.5,82.0,5.7,Low,Low
STU144,73.3,4.4,66.8,78.1,5.7,Medium,Average
STU145,69.6,0.9,48.6,58.3,8.4,Low,Low
STU146,78.9,3.1,55.3,61.7,6.6,Medium,Average
STU147,75.4,2.7,57.1,57.7,8.6,Medium,Average
STU148,71.4,4.7,49.6,80.2,6.2,Medium,Average
STU149,93.7,4.1,77.9,76.9,7.1,High,High
STU150,86.5,2.7,61.9,74.5,9.4,Medium,Average
STU151,76.4,2.6,70.9,70.1,5.6,Medium,Average
STU152,76.4,4.0,46.5,71.0,4.7,Low,Low
STU153,65.1,2.5,48.6,50.1,8.2,Low,Low
STU154,67.1,2.5,48.6,57.4,5.9,Low,Low
STU155,81.9,3.1,64.8,73.8,6.8,Low,Average
STU156,91.1,3.1,88.7,92.2,6.2,High,High
STU157,77.1,4.0,58.6,76.4,7.1,High,Average
STU158,97.1,2.2,76.8,71.8,5.8,High,High
STU159,49.9,3.9,62.3,74.8,6.6,Low,Average
STU160,53.8,2.5,43.5,55.1,7.3,Low,Low
STU161,57.6,5.4,38.3,59.1,5.7,Low,Low
STU162,66.9,1.4,51.7,56.8,6.0,Medium,Low
STU163,90.7,5.2,86.4,100.0,6.4,High,High
STU164,55.9,4.8,48.4,71.8,5.2,Medium,Average
STU165,73.8,5.6,73.2,84.8,6.3,Medium,High
STU166,61.0,1.8,39.1,77.2,6.9,Low,Low
STU167,100.0,4.5,65.3,100.0,6.4,Medium,High
STU168,95.3,3.7,70.3,58.0,6.5,Medium,Average
STU169,71.0,3.6,56.7,63.4,6.8,Low,Low
STU170,72.4,2.5,46.0,65.5,6.1,Low,Low
STU171,60.4,2.7,57.5,58.3,7.6,Medium,Average
STU172,62.4,1.9,69.9,64.8,8.4,High,Average
STU173,71.3,3.2,51.3,65.4,6.3,Medium,Average
STU174,57.2,2.8,36.9,50.0,7.3,Low,Low
STU175,65.0,2.0,49.1,65.1,6.5,Low,Low
STU176,63.0,1.6,66.5,73.9,7.2,Low,Average
STU177,81.8,6.0,98.4,89.4,8.5,High,High
STU178,78.6,4.0,66.8,78.4,7.4,Medium,High
STU179,78.3,2.4,62.7,77.1,4.8,Medium,Average
STU180,82.0,3.3,65.0,70.6,7.3,Medium,Average
STU181,74.6,2.8,85.2,100.0,8.2,Medium,High
STU182,85.4,2.4,68.8,76.1,6.6,Low,Average
STU183,65.5,2.4,63.8,50.1,7.9,Low,Low
STU184,90.5,5.9,74.4,70.8,6.0,High,High
STU185,79.3,3.0,65.4,58.0,5.2,High,Average
STU186,75.9,5.6,80.6,84.5,7.0,Medium,High
STU187,74.6,2.9,69.3,72.2,4.9,Low,Average
STU188,69.5,2.6,53.8,57.5,6.5,Low,Low
STU189,70.6,2.0,40.1,81.2,8.2,Low,Average
STU190,87.9,5.9,82.6,90.7,4.7,Medium,High
STU191,100.0,4.3,88.0,93.1,5.4,Medium,High
STU192,83.6,1.4,58.0,61.3,5.7,Low,Low
STU193,70.6,1.4,62.3,58.9,6.7,Medium,Low
STU194,94.4,4.1,68.9,84.1,6.4,Medium,High
STU195,84.5,0.9,41.5,64.9,8.3,Low,Low
STU196,86.5,3.1,44.8,46.3,7.8,Medium,Low
STU197,70.1,3.4,57.1,75.3,7.3,Medium,Average
STU198,64.5,5.9,50.7,69.0,7.0,Low,Average
STU199,89.3,1.3,56.4,69.8,7.2,High,Average
STU200,65.2,3.5,58.5,62.6,5.9,Medium,Low
STU201,66.8,2.4,73.4,69.3,7.7,Medium,Average
STU202,82.9,4.1,80.2,81.5,5.6,High,High
STU203,80.5,3.7,57.1,73.6,7.7,Medium,Average
STU204,80.2,1.2,70.7,83.2,8.1,High,Average
STU205,53.7,1.8,39.6,66.4,7.0,Low,Low
STU206,69.5,5.6,55.5,68.7,6.6,Medium,Average
STU207,62.8,2.1,44.7,60.7,7.2,Medium,Low
STU208,58.3,2.6,48.3,66.6,4.0,Low,Low
STU209,89.5,3.8,48.4,71.1,7.1,Medium,Average
STU210,76.0,2.9,61.2,65.0,6.7,Low,Average
STU211,91.3,3.5,74.7,87.2,6.7,High,High
STU212,61.0,0.3,47.6,71.2,7.6,Low,Low
STU213,74.6,4.2,56.2,85.2,6.7,Medium,Average
STU214,65.7,2.8,55.1,85.9,5.5,Low,Average
STU215,49.5,1.9,56.1,60.7,6.6,Medium,Low
STU216,71.6,4.5,68.7,80.2,6.9,High,High
STU217,64.0,3.2,60.2,76.4,6.9,Low,Average
STU218,66.5,4.0,84.8,81.7,7.0,High,High
STU219,64.0,4.0,57.7,64.3,7.9,High,Average
STU220,82.4,1.2,46.1,51.6,5.6,Medium,Low
STU221,73.8,4.5,58.3,71.1,7.0,High,Average
STU222,89.6,1.9,72.2,66.3,8.2,Medium,Average
STU223,81.1,2.8,50.8,74.3,4.9,Low,Average
STU224,74.4,4.7,37.8,55.4,7.0,Low,Low
STU225,68.6,4.8,57.7,61.7,6.2,Medium,Average
STU226,82.5,3.7,74.0,76.2,6.4,Medium,High
STU227,100.0,4.5,98.9,93.6,5.8,High,High
STU228,85.8,4.5,92.9,92.8,6.6,High,High
STU229,74.2,2.7,43.2,87.0,8.8,Medium,Average
STU230,78.8,3.2,51.3,72.5,5.4,Low,Average
STU231,59.3,2.0,44.2,65.1,5.5,Low,Low
STU232,61.2,2.8,54.1,56.5,5.4,High,Average
STU233,67.9,3.4,69.7,61.7,8.7,Low,Average
STU234,86.4,2.8,77.8,97.5,6.3,High,High
STU235,73.1,2.1,53.5,56.9,6.8,Low,Low
STU236,63.6,3.9,53.8,56.3,6.4,Medium,Low
STU237,59.1,0.3,36.6,54.4,5.8,Low,Low
STU238,79.8,3.0,64.6,69.8,6.5,Medium,Average
STU239,73.1,1.5,37.4,54.5,9.5,Medium,Low
STU240,85.7,3.1,41.1,64.7,8.3,Low,Low
STU241,80.5,2.1,55.7,77.3,5.9,Medium,Average
STU242,66.2,5.1,67.8,63.2,7.5,Low,Average
STU243,77.1,2.4,31.3,44.0,5.9,Low,Low
STU244,59.5,0.5,30.3,69.7,4.8,Low,Low
STU245,100.0,6.1,92.4,94.0,7.9,High,High
STU246,66.3,1.3,49.6,55.5,8.1,Low,Low
STU247,63.5,1.7,57.4,47.4,8.0,Low,Low
STU248,74.4,5.4,90.8,79.2,6.3,High,High
STU249,97.7,5.4,100.0,94.7,6.6,High,High
STU250,52.6,3.4,40.2,74.3,7.6,Low,Low
STU251,81.8,2.1,56.9,58.7,7.2,Medium,Average
STU252,92.4,3.0,65.0,73.9,6.4,Medium,Average
STU253,82.7,4.2,80.1,92.6,5.0,High,High
STU254,70.8,1.8,60.5,40.3,6.9,Medium,Low
STU255,67.5,4.5,69.3,80.4,8.0,Low,Average
STU256,76.6,4.9,79.7,66.4,5.5,High,High
STU257,86.4,5.8,62.6,78.8,7.5,Medium,High
STU258,72.6,5.8,61.9,71.5,7.2,High,High
STU259,90.6,2.0,64.0,81.8,7.6,Low,Average
STU260,60.7,2.2,45.4,66.5,7.8,Low,Low
STU261,83.1,1.8,66.2,46.3,6.0,Medium,Average
STU262,74.7,2.2,62.1,62.0,5.0,Low,Average
STU263,85.0,2.9,69.7,75.2,6.2,Medium,Average
STU264,67.5,1.6,58.0,65.6,7.8,High,Average
STU265,79.3,2.6,70.6,80.5,6.2,Medium,Average
STU266,83.1,4.1,65.5,88.0,6.0,High,High
STU267,69.7,2.1,64.7,79.3,4.8,Low,Average
STU268,84.8,4.7,63.6,72.7,8.7,Medium,High
STU269,82.3,2.3,55.1,54.0,7.7,Medium,Average
STU270,81.3,6.8,72.1,67.4,7.6,Low,High
STU271,84.1,2.2,62.3,70.4,7.9,Medium,Average
STU272,91.6,3.8,74.6,63.6,7.4,Medium,Average
STU273,71.8,1.8,62.2,77.5,6.5,Medium,Average
STU274,96.1,7.3,99.4,97.8,6.6,High,High
STU275,83.0,6.2,84.1,85.9,6.3,Medium,High
STU276,79.3,4.1,68.6,44.4,9.5,Low,Average
STU277,64.5,1.1,44.8,53.1,7.4,Medium,Low
STU278,81.7,2.7,48.8,82.0,6.3,Low,Average
STU279,88.8,3.1,79.0,76.1,7.3,Medium,High
STU280,76.1,5.4,57.9,54.3,5.7,Medium,Average
STU281,90.6,4.8,68.4,88.2,8.5,High,High
STU282,42.5,1.9,37.1,58.2,6.1,Low,Low
STU283,65.3,1.3,85.8,90.5,7.4,Medium,Average
STU284,86.8,2.6,73.7,78.4,8.0,High,High
STU285,67.7,3.2,46.5,67.7,7.2,Low,Average
STU286,74.5,4.4,56.9,71.9,6.9,Medium,Average
STU287,66.2,5.0,66.0,81.1,6.8,Low,Average
STU288,76.2,1.5,61.5,95.2,6.7,High,Average
STU289,91.7,3.5,51.4,79.4,6.2,Low,Average
STU290,82.6,4.5,59.6,55.4,6.3,Low,Average
STU291,75.5,1.2,54.0,74.5,8.4,Medium,Low
STU292,73.3,3.5,56.6,84.6,6.7,Medium,Average
STU293,84.2,5.1,85.7,95.8,5.9,High,High
STU294,40.0,0.7,28.4,47.2,6.2,Low,Low
STU295,76.4,1.0,48.0,81.8,8.0,Low,Low
STU296,85.0,3.2,63.7,82.7,7.5,High,High
STU297,64.2,3.3,72.1,100.0,7.4,High,High
STU298,67.1,2.9,63.1,61.5,6.5,Medium,Average
STU299,51.5,1.1,43.6,52.9,7.4,Low,Low
STU300,69.9,3.2,66.8,71.6,6.1,Medium,Average
STU301,90.3,4.9,81.1,80.9,6.5,High,High
STU302,45.0,2.6,34.0,50.8,7.9,Medium,Low
STU303,88.4,3.8,76.2,51.3,7.8,High,High
STU304,80.2,2.6,59.7,65.0,5.7,Medium,Average
STU305,73.2,3.5,68.9,75.2,5.9,High,High
STU306,45.3,0.3,53.9,58.6,6.9,Low,Low
STU307,64.4,3.7,56.5,88.7,8.7,Medium,Average
STU308,97.5,4.6,72.7,82.5,4.7,High,High
STU309,55.7,4.0,68.2,89.6,7.1,Medium,Average
STU310,86.7,6.1,87.6,88.5,5.3,High,High
STU311,74.8,2.1,77.3,89.7,6.1,High,High
STU312,86.8,1.4,64.7,78.3,6.4,High,Average
STU313,83.9,5.3,87.9,99.6,6.3,High,High
STU314,83.1,3.8,65.1,76.1,6.2,Medium,Average
STU315,87.7,4.3,69.8,83.6,6.8,High,High
STU316,90.2,2.6,59.7,73.3,6.2,Medium,Average
STU317,74.7,4.3,60.5,69.6,5.2,Medium,Average
STU318,73.8,3.9,53.7,70.5,7.7,Low,Average
STU319,70.6,4.9,77.5,100.0,7.6,High,High
STU320,77.3,2.0,38.7,59.9,7.7,Low,Low
STU321,75.4,1.6,70.1,82.5,5.1,Low,Average
STU322,69.4,4.2,68.0,83.1,7.1,Medium,High
STU323,85.2,5.9,71.4,92.8,7.5,High,High
STU324,67.9,4.8,59.8,78.1,5.7,High,Average
STU325,92.6,4.0,76.3,62.7,6.8,High,High
STU326,90.6,4.9,72.4,83.0,6.7,High,High
STU327,66.1,3.0,40.2,37.2,8.8,Low,Low
STU328,61.2,5.2,60.4,86.2,8.9,Medium,Average
STU329,65.5,1.3,52.9,64.3,5.0,Low,Low
STU330,78.5,2.7,38.7,77.9,9.5,Low,Low
STU331,71.2,5.7,85.5,75.1,5.8,High,High
STU332,71.4,4.0,80.3,61.6,7.9,High,High
STU333,78.3,1.4,45.4,69.0,7.9,Low,Low
STU334,70.3,3.0,45.5,63.6,5.7,Low,Low
STU335,80.0,4.1,57.9,67.3,7.3,Medium,Average
STU336,83.0,2.4,39.6,63.1,6.7,Low,Low
STU337,74.8,3.1,50.6,94.3,7.4,Low,Average
STU338,84.4,3.4,74.9,82.8,7.1,High,High
STU339,100.0,6.2,89.2,91.7,8.1,Medium,High
STU340,78.9,2.9,68.5,85.3,6.9,Low,Average
STU341,50.5,0.6,41.4,68.5,6.6,Low,Low
STU342,82.3,3.7,66.5,72.5,8.0,High,High
STU343,80.5,4.5,73.5,52.0,7.4,High,High
STU344,74.6,2.0,67.2,73.4,7.6,High,High
STU345,79.6,3.3,85.4,93.0,6.1,Medium,High
STU346,80.3,0.3,35.3,45.8,5.7,Low,Low
STU347,74.2,2.9,72.8,65.5,6.2,Medium,Average
STU348,74.1,2.6,75.4,69.8,6.1,High,High
STU349,71.6,1.5,35.6,74.4,7.7,Low,Low
STU350,86.8,5.5,88.5,91.3,7.9,High,High
STU351,76.7,3.0,65.0,81.5,6.6,Medium,Average
STU352,87.8,4.4,70.9,85.0,8.4,High,High
STU353,59.8,2.5,59.5,67.1,8.3,Medium,Low
STU354,85.7,4.9,73.6,80.5,7.1,Medium,High
STU355,100.0,4.9,78.6,68.7,5.9,High,High
STU356,82.1,2.8,65.3,52.0,8.5,Low,Low
STU357,74.5,3.4,67.3,75.4,6.7,Medium,Average
STU358,73.6,4.9,68.3,77.4,6.9,Medium,High
STU359,65.4,3.1,38.3,77.2,6.4,Low,Low
STU360,72.5,1.6,63.9,86.5,5.8,Medium,Average
STU361,71.4,4.0,54.0,86.5,5.2,Medium,Average
STU362,87.3,2.4,58.7,65.1,7.5,Low,Average
STU363,68.4,6.0,75.6,76.5,5.9,High,High
STU364,75.3,3.7,47.7,68.3,9.5,Low,Average
STU365,71.6,3.6,56.1,96.3,5.6,Medium,Average
STU366,91.2,4.9,87.7,98.7,5.4,Medium,High
STU367,59.9,2.5,43.5,77.2,7.4,Low,Low
STU368,81.4,3.5,48.0,61.5,8.5,Low,Average
STU369,88.8,3.1,61.3,64.8,6.9,Medium,Average
STU370,91.4,4.4,73.5,86.6,7.4,High,High
STU371,62.5,4.5,63.8,61.1,4.8,Medium,Average
STU372,94.1,3.9,74.6,80.2,6.1,Medium,High
STU373,86.5,3.4,78.3,77.7,5.6,Medium,High
STU374,68.3,2.7,74.2,94.7,4.7,Medium,Average
STU375,80.2,2.6,58.4,72.9,6.9,Medium,Average
STU376,97.9,3.3,82.8,66.2,4.3,High,High
STU377,79.4,4.1,59.1,75.4,5.3,Medium,Average
STU378,61.6,3.8,32.6,49.0,6.2,Low,Low
STU379,91.5,6.6,83.8,85.3,5.9,High,High
STU380,85.6,1.0,55.4,67.5,7.2,Low,Low
STU381,87.9,4.4,64.9,70.1,7.1,Medium,Average
STU382,60.7,6.3,86.0,90.4,7.8,High,High
STU383,60.3,1.4,32.9,43.9,7.6,Medium,Low
STU384,64.5,2.4,37.4,56.8,8.1,Low,Low
STU385,47.4,0.3,33.0,66.0,6.8,Low,Low
STU386,70.5,3.0,52.6,59.5,7.1,Medium,Average
STU387,90.8,2.5,75.6,59.4,7.4,Medium,Average
STU388,70.4,4.1,66.8,82.9,7.0,Medium,Average
STU389,81.2,1.8,50.9,85.4,6.4,Low,Average
STU390,56.5,2.8,32.0,60.2,6.4,Low,Low
STU391,51.5,2.6,25.0,33.9,5.9,Low,Low
STU392,89.7,2.5,59.4,79.5,7.3,Low,Average
STU393,67.3,1.6,52.9,51.6,6.7,Low,Low
STU394,83.8,1.2,68.7,78.8,6.1,Medium,Average
STU395,64.8,3.7,70.0,68.7,6.1,High,Average
STU396,93.9,2.8,70.2,61.5,5.5,High,Average
STU397,87.5,2.2,68.6,73.7,7.9,Medium,Average
STU398,76.2,4.1,60.0,72.0,6.9,Medium,Average
STU399,85.4,3.3,72.3,69.8,5.9,Low,Average
STU400,57.7,1.5,42.9,72.2,7.7,Low,Low
STU401,85.2,2.6,61.8,66.1,6.2,Medium,Average
STU402,74.7,4.9,65.4,83.4,5.3,High,High
STU403,80.7,4.9,72.6,81.4,7.9,Medium,High
STU404,68.4,2.9,66.0,61.9,6.2,Medium,Average
STU405,74.9,4.6,65.6,67.5,6.4,Low,Average
STU406,80.1,1.8,70.6,53.4,6.8,Low,Average
STU407,77.4,3.3,59.0,74.0,8.1,Medium,Average
STU408,88.5,4.3,66.0,75.1,6.8,High,High
STU409,60.0,1.0,34.5,32.3,5.5,Low,Low
STU410,70.2,2.8,37.4,56.3,7.4,Low,Low
STU411,60.4,1.1,36.7,51.1,6.3,Low,Low
STU412,77.4,1.9,31.7,69.1,8.9,Low,Low
STU413,56.5,3.5,55.8,49.5,6.8,Low,Low
STU414,93.3,0.6,68.8,63.6,4.3,Medium,Average
STU415,86.0,4.6,63.9,80.8,7.2,Low,Average
STU416,69.9,0.3,71.7,87.1,8.9,Medium,Average
STU417,100.0,3.6,85.9,73.3,8.5,High,High
STU418,95.6,5.8,83.8,76.3,8.8,High,High
STU419,84.2,3.0,69.2,77.6,5.7,Medium,Average
STU420,87.1,2.9,69.7,59.6,7.8,High,Average
STU421,74.8,2.2,61.4,54.1,6.0,Medium,Average
STU422,67.4,3.9,45.1,62.5,7.0,Low,Low
STU423,74.8,0.6,54.4,82.7,5.4,Medium,Low
STU424,76.8,3.4,37.8,55.8,6.1,Low,Low
STU425,70.5,2.5,48.6,65.9,6.1,High,Average
STU426,64.9,1.6,68.3,80.5,7.8,Medium,Average
STU427,89.8,3.4,72.2,99.5,7.7,High,High
STU428,98.1,3.7,88.6,80.0,7.1,High,High
STU429,70.8,3.2,41.3,60.8,5.3,Medium,Low
STU430,85.9,4.6,68.0,93.4,6.5,High,High
STU431,65.2,0.4,47.5,48.5,6.0,Low,Low
STU432,71.4,3.3,71.3,86.1,7.8,High,High
STU433,67.1,2.2,67.2,60.8,8.1,Medium,Average
STU434,46.6,3.3,46.3,58.4,8.0,Low,Low
STU435,85.6,2.6,76.9,77.0,6.0,Medium,High
STU436,70.4,4.8,57.1,57.6,4.0,Medium,Average
STU437,67.8,2.9,47.6,57.9,4.9,Low,Low
STU438,40.8,1.0,46.5,66.2,8.4,Low,Low
STU439,59.5,2.0,58.5,76.7,6.4,Low,Low
STU440,89.5,2.8,73.2,74.1,6.0,High,High
STU441,68.5,1.7,60.6,71.2,8.6,High,Average
STU442,81.9,3.8,71.9,80.3,8.2,Medium,High
STU443,66.4,2.3,70.0,65.2,6.8,Medium,Average
STU444,99.5,2.0,87.7,90.0,6.5,High,High
STU445,72.0,2.6,58.9,77.5,6.7,Medium,Average
STU446,66.8,0.3,39.2,86.2,7.0,Low,Low
STU447,100.0,3.5,79.0,76.8,8.6,High,High
STU448,87.0,2.0,39.8,64.8,7.3,Medium,Low
STU449,82.2,3.4,79.9,88.6,7.6,High,High
STU450,73.7,6.1,45.5,83.3,8.1,Medium,Average
STU451,72.0,3.3,49.8,65.6,5.5,Low,Low
STU452,83.4,4.0,69.6,70.8,7.6,High,High
STU453,90.7,3.0,92.2,93.0,6.5,High,High
STU454,89.1,4.5,84.1,80.3,4.0,High,High
STU455,89.8,3.7,58.7,68.4,4.5,High,Average
STU456,76.3,2.3,72.5,74.2,5.7,Low,Average
STU457,100.0,5.5,74.2,90.6,7.4,High,High
STU458,70.1,1.2,63.6,59.2,6.9,Low,Low
STU459,94.7,3.4,66.7,56.2,7.0,Medium,Average
STU460,79.0,2.7,64.1,52.6,8.9,Medium,Average
STU461,87.2,3.9,76.1,61.9,5.4,Medium,High
STU462,62.8,1.9,51.1,52.2,6.8,Low,Low
STU463,55.6,1.6,33.7,57.7,7.1,Low,Low
STU464,63.6,1.3,32.3,43.5,6.0,Low,Low
STU465,76.0,1.5,46.1,56.0,6.8,Low,Low
STU466,72.7,3.6,47.4,60.6,5.0,High,Average
STU467,62.1,3.4,56.4,65.2,8.4,High,Average
STU468,79.3,5.0,84.7,100.0,6.1,Medium,High
STU469,72.0,3.9,83.0,87.5,9.0,High,High
STU470,52.4,3.5,48.7,64.5,6.8,Medium,Low
STU471,79.8,3.4,65.2,70.2,7.9,Low,Average
STU472,82.9,2.7,55.7,64.4,6.7,Low,Average
STU473,73.6,3.3,59.4,73.0,6.8,Medium,Average
STU474,57.1,5.6,68.3,79.3,6.2,High,High
STU475,79.2,2.3,64.7,67.9,6.9,Medium,Average
STU476,71.8,4.0,51.0,69.7,7.1,Medium,Average
STU477,100.0,2.1,83.5,60.2,5.9,Low,Average
STU478,53.8,2.6,43.5,65.0,6.7,Low,Low
STU479,72.5,5.3,53.6,79.7,6.1,High,High
STU480,100.0,6.3,100.0,90.0,9.3,High,High
STU481,81.8,3.8,67.9,91.9,6.7,Medium,High
STU482,92.5,4.0,72.9,74.7,8.5,High,High
STU483,77.8,3.5,64.7,74.9,6.6,High,Average
STU484,83.6,3.6,74.5,76.3,7.1,High,High
STU485,82.5,2.4,63.5,70.5,5.3,High,Average
STU486,67.4,2.9,63.4,69.5,6.3,High,Average
STU487,77.7,2.9,42.7,66.8,7.0,Medium,Low
STU488,67.1,2.9,70.0,83.9,8.5,High,High
STU489,72.1,1.7,48.3,79.0,7.0,Low,Low
STU490,82.9,2.4,68.4,77.3,8.3,Medium,Average
STU491,79.1,4.8,82.4,88.8,7.5,Medium,High
STU492,78.7,4.4,76.0,67.9,8.6,Medium,Average
STU493,68.1,3.4,68.8,77.4,6.7,Low,Average
STU494,70.0,5.0,76.2,68.0,9.4,High,High
STU495,70.3,3.2,57.0,80.4,6.3,High,Average
STU496,73.5,4.7,77.2,100.0,6.0,High,High
STU497,64.3,2.1,41.0,56.1,5.5,Low,Low
STU498,63.0,3.0,58.0,47.4,9.4,Medium,Low
STU499,66.5,1.0,34.9,50.6,7.7,Low,Low
STU500,53.4,4.7,46.0,72.4,6.4,Low,Low
